﻿Designator,Quantity,Value,Footprint,Package,MPN,DNP,Mount_Type,Description,Mfg Part #,Manufacturer
"ANG1, ANG2, ANG3",3,CONN HEADER SMD 2POS 1MM,Molex_Pico-Clasp_2pin_Vertical,,,,smt,"Connector Header Surface Mount 2 position 0.039"" (1.00mm)",5013310207,Molex
BOARDLAYOUT1,1,LAYOUT,enchantiS3-layout,,,,tht,,,
BT1,1,JST-PH-1x02-2.000mm,JST_PH_S2B-PH-SM4-TB_1x02-1MP_P2.00mm_Horizontal,,B2B-PH-SM4-TBT,,smt,"Connector Header Surface Mount, Right Angle 2 position 0.079"" (2.00mm)",S2B-PH-SM4-TB,JST Sales America Inc.
"C1, C15, C19, C2, C6, C7",6,0.1uF,C_0402_1005Metric,,CL05B104KO5NNNC,,smt,0.1 µF ±10% 16V Ceramic Capacitor X7R 0402 (1005 Metric),CL05B104KO5NNNC,Samsung Electro-Mechanics
"C11, C12, C22, C4, C5, C9",6,1uF,C_0402_1005Metric,,CL05A105KO5NNNC,,smt,1 µF ±10% 16V Ceramic Capacitor X5R 0402 (1005 Metric),CL05A105KO5NNNC,Samsung Electro-Mechanics
"C13, C21, C23",3,10uF,C_0603_1608Metric,,CL10A105KO8NNNC,,smt,10 µF ±10% 6.3V Ceramic Capacitor X5R 0603 (1608 Metric),CL10A106KO8NNNC,Samsung Electro-Mechanics
C17,1,1uF,C_0402_1005Metric,,,,smt,1 µF ±10% 16V Ceramic Capacitor X5R 0402 (1005 Metric),CL05A105KO5NNNC,Samsung Electro-Mechanics
C18,1,0.1uF,C_0402_1005Metric,,,,smt,0.1 µF ±10% 16V Ceramic Capacitor X7R 0402 (1005 Metric),CL05B104KO5NNNC,Samsung Electro-Mechanics
C3,1,220nF,C_0402_1005Metric,,CL05B104KO5NNNC,,smt,0.22 µF ±10% 16V Ceramic Capacitor X7R 0402 (1005 Metric),CL05B224KO5NNNC,Samsung Electro-Mechanics
C8,1,0.47uF,C_0402_1005Metric,,GRT155R61C474KE01D,,smt,0.47 µF ±10% 16V Ceramic Capacitor X5R 0402 (1005 Metric),GRT155R61C474KE01D,Murata Electronics
CHARGLED1,1,S1,LED_0402_1005Metric,,APHHS1005SURCK,,smt,Red 630nm LED Indication - Discrete 1.95V 0402 (1005 Metric),APHHS1005SURCK,Kingbright
FP1,1,CONN HEADER SMD 6POS 1MM,Molex_Pico-Clasp_501331-0607_1x06-1MP_P1.00mm_Vertical,,,,smt,"Connector Header Surface Mount 6 position 0.039"" (1.00mm)",5013310607,Molex
"H1, H2, H3",3,MountingHole,MountingHole_2.2mm_M2,,,,tht,,,
J1,1,USB_C_Receptacle_USB2.0,USB_C_Receptacle_GCT_USB4105-xx-A_16P_TopMnt_Horizontal,,USB4105-GF-A,,smt,"USB-C (USB TYPE-C) USB 2.0 Receptacle Connector 24 (16+8 Dummy) Position Surface Mount, Right Angle; Through Hole",USB4105-GF-A,GCT
"R1, R2, R21",3,10k,R_0402_1005Metric,,ERJ-2RKF1001X,,smt,"10 kOhms ±1% 0.1W, 1/10W Chip Resistor 0402 (1005 Metric) Automotive AEC-Q200 Thick Film",ERJ-2RKF1002X,Panasonic Electronic Components
"R10, R14, R16, R8",4,1k,R_0402_1005Metric,,ERJ-2RKF1001X,,smt,"1 kOhms ±1% 0.1W, 1/10W Chip Resistor 0402 (1005 Metric) Automotive AEC-Q200 Thick Film",ERJ-2RKF1001X,Panasonic Electronic Components
R11,1,13k,R_0402_1005Metric,,ERJ-2RKF2201X,,smt,"13 kOhms ±1% 0.1W, 1/10W Chip Resistor 0402 (1005 Metric) Automotive AEC-Q200 Thick Film",ERJ-2RKF1302X,Panasonic Electronic Components
"R12, R13, R3, R4, R9",5,2k2,R_0402_1005Metric,,ERJ-2RKF2201X,,smt,"2.2 kOhms ±1% 0.1W, 1/10W Chip Resistor 0402 (1005 Metric) Automotive AEC-Q200 Thick Film",ERJ-2RKF2201X,Panasonic Electronic Components
R15,1,0.3k,R_0402_1005Metric,,ERJ-2RKF2201X,,smt,"300 Ohms ±1% 0.1W, 1/10W Chip Resistor 0402 (1005 Metric) Automotive AEC-Q200 Thick Film",ERJ-2RKF3000X,Panasonic Electronic Components
R5,1,10k,R_0402_1005Metric,,ERJ-2RKF1002X,,smt,"10 kOhms ±1% 0.1W, 1/10W Chip Resistor 0402 (1005 Metric) Automotive AEC-Q200 Thick Film",ERJ-2RKF1002X,Panasonic Electronic Components
"R6, R7",2,5k1,R_0402_1005Metric,,ERJ-2RKF5101X,,smt,"5.1 kOhms ±1% 0.1W, 1/10W Chip Resistor 0402 (1005 Metric) Automotive AEC-Q200 Thick Film",ERJ-2RKF5101X,Panasonic Electronic Components
STATLED1,1,WIFISTATUS,LED_0402_1005Metric,,APHHS1005SURCK,,smt,Blue 467nm LED Indication - Discrete 2.9V 0402 (1005 Metric),IN-S42BT5B,Inolux
STATLED2,1,GENERAL STATUS,LED_0402_1005Metric,,APHHS1005SURCK,,smt,Amber 605nm LED Indication - Discrete 2V 0402 (1005 Metric),IN-S42BT5A,Inolux
STATLED3,1,TX_STAT,LED_0402_1005Metric,,APHHS1005SURCK,,smt,Amber 605nm LED Indication - Discrete 2V 0402 (1005 Metric),IN-S42BT5A,Inolux
STATLED4,1,RX_STAT,LED_0402_1005Metric,,APHHS1005SURCK,,smt,Red 630nm LED Indication - Discrete 1.95V 0402 (1005 Metric),APHHS1005SURCK,Kingbright
"SW1, SW2",2,B3U-1000P,SW_SPST_B3U-1000P,,PTS810 SJM 250 SMTR LFS,,smt,Tactile Switch SPST-NO Top Actuated Surface Mount,B3U-1000P,Omron Electronics Inc-EMC Div
TOUCH1,1,JST-SH-1x04 1.0mm,JST_SMD_1.0mm-4_Vertical,,BM04B-SRSS-TB,,smt,"Connector Header Surface Mount 4 position 0.039"" (1.00mm)",BM04B-SRSS-TB,JST Sales America Inc.
TP1,1,TestPoint,TestPoint_Pad_D1.0mm,,,,tht,,,
U1,1,USBLC6-2P6,SOT-666,,,,smt,17V Clamp 5A (8/20µs) Ipp Tvs Diode Surface Mount SOT-666,USBLC6-2P6,STMicroelectronics
U11,1,MAX17262REWL+T,MAX17262,,,,smt,Battery Fuel Gauge IC LiFePO4/Li-ion 9-WLP (1.47x1.45),MAX17262REWL+T,Analog Devices Inc./Maxim Integrated
U12,1,BQ25185DLHR,WSON10_DLH_TEX,,,,smt,Charger IC Multi-Chemistry 10-WSON (2.2x2),BQ25185DLHR,Texas Instruments
U13,1,ICM-42670-P,LGA14_2P5X3X0P91_TDK,,,,smt,"Accelerometer, Gyroscope, 6 Axis Sensor Output",ICM-42670-P,TDK InvenSense
U2,1,MMC5633NJL,WLP-4_0.86x0.86mm_P0.4mm,,,,smt,"3-axis AMR Magnetometer, 30 G, I2C & I3C  Interface, 2mG RMS, WLP-4",MMC5633NJL,Memsic
U3,1,IRIS-W106-00B,IRIS-W106,,,,smt,Stand-alone Wi-Fi 6 multiradio modules,IRIS-W106-00B,ublox
"U4, U9",2,NCP167AMX330TBG,XDFN4_1X1_711AJ_ONS,,,,smt,3.3V Linear Voltage Regulator IC Positive Fixed 1 Output 700mA 4-XDFN (1x1),NCP167AMX330TBG,onsemi
U5,1,CP2102N-Axx-xQFN20,SiliconLabs_QFN-20-1EP_3x3mm_P0.5mm_EP1.8x1.8mm,,,,smt,"USB to UART master bridge, QFN-20",CP2102N-A02-GQFN20 ,Silicon Labs
U6,1,ESP-PSRAM64,SOIC-8_3.9x4.9mm_P1.27mm,,,,smt,PSRAM (Pseudo SRAM) Memory IC 64Mbit SPI 133 MHz 8-SOIC,4677,Adafruit Industries LLC
